Title,Author,Year
Working with emotional intelligence,Daniel Goleman,1998
The Riddle of the Sands,Erskine Childers,1903
Stuart Little,E. B. White,1945
The Joy Luck Club,"Amy Tan, Gwendoline Yeo, Tsai Chin, Ronald Bass, Wayne Wang, and Jordi Fibla",1989
The Girl Next Door,Jack Ketchum,1989
The Club of Queer Trades,Gilbert Keith Chesterton and H. H Sign,1900
By Love Bewitched,Violet Winspear,1984
The Secret Agent: A Simple Tale,Joseph Conrad,1907
The Woman in White: Grangerized Edition,Wilkie Collins,1860
Discovering art history,Gerald F. Brommer,1981
Diary of a Wimpy Kid Party Pooper,Jeff Kinney,2025
The Parenti Marriage: The Reluctant Surrender / The Dutiful Wife,Penny Jordan,2014
Psychology: understanding behavior,Robert A. Baron,1977
The Body: A Guide for Occupants,Bill Bryson,2019
Love Lessons,Jacqueline Wilson,2005
Nausea,Jean-Paul Sartre,1938
The Mirror crack'd from side to side.,Agatha Christie,1960
The Tragedy of Romeo and Juliet,William Shakespeare,1597
Invertebrate Zoology: A Functional Evolutionary Approach,"Edward E. Ruppert, Richard S. Fox, and Robert D. Barnes",2003
Biology,Neil Alexander Campbell,1987
Becoming attached: unfolding the mystery of the infant-mother bond and its impact on later life,Robert Karen,1990
It,Stephen King,1986
The Sun and the Star: A Nico di Angelo Adventure,Rick Riordan and Mark Oshiro,2023
Temporary Bride,P. Wilson and Patricia Wilson,1988
Weapons of Math Destruction: How Big Data Increases Inequality and Threatens Democracy,Cathy O'Neil,2016
An abundance of Katherines,John Green,2006
Frog and Toad Are Friends,Arnold Lobel,1920
Feel the fear and do it anyway,Susan J. Jeffers,1987
Wireless Communications: Principles and Practice (2nd Edition),Theodore S. Rappaport and Theodore Rappaport,1996
Captain Underpants and the attack of the talking toilets: another epic novel,Dav Pilkey,1996
"Daniel Kahneman's Thinking, Fast and Slow",Jacqueline Allan,2018
The Price of a Bride,Michelle Reid,1998
All the Bright Places: A Novel,Jennifer Niven,2015
The Joy of Living: Unlocking the Secret and Science of Happiness,Rinpoche Yongey Mingyur and Eric Swanson,2007
Stages of faith: the psychology of human development and the quest for meaning,James W. Fowler,1981
Contemporary Public Speaking,Pat Gehrke and Megan Foley,2023
Taking charge of adult ADHD,Russell Barkley and Christine M. Benton,2010
"Secularism, nationalism, and modernity",Akeel Bilgrami,1995
"Communication theories: perspectives, processes, and contexts",Katherine Miller,2001
Lao ren yu hai: The old man and the sea,Ernest Hemingway,1952
Infinite Jest,David Foster Wallace,1996
This Thing Called love,Deblina Bhattacharya,2024
"Manuals of emergency legislation.: Food supply manual, rev, to July 31st, 1918, comprising the food controller's powers and orders, and orders of other departments ancillary thereto.",Great Britain.,1691
The Earl and the Heiress,Barbara Metzger,1982
The Mysterious Island,Jules Verne,1870
The war of the worlds,H. G. Wells,N/A
Little Birds: Erotica,Anaïs Nin,1979
Dinotopia: A Land Apart From Time,James Gurney,1992
Black Beauty: the autobiography of a horse,Anna Sewell,1877
The Never King,Nikki St. Crowe,2022
Pilgrimages to Saint Mary of Walsingham and Saint Thomas of Canterbury,Desiderius Erasmus,1519
"Scientific writing and communication: papers, proposals, and presentations",Angelika H. Hofmann,2010
Thinner,Stephen King,1984
Return to Wallaby Creek,Kerry Allyne,1985
Alfred Hitchcock - A Definitive Study,"François Truffaut, Alfred Hitchcock, and Helen G. Scott",1966
Forever Yours,Jeanne Carmichael,1995
The tragedy of Great Power politics,John J. Mearsheimer,2001
The Jungle,Upton Sinclair,1707
An Approach to environmental psychology,Albert Mehrabian and James A. Russell,1974
"Psychic Witch: A Metaphysical Guide to Meditation, Magick and Manifestation",Mat Auryn,2020
The House of Hades,Rick Riordan,2013
"Relativity, the special and the general theory: a popular exposition.",Albert Einstein,1917
Purgatory and Paradise,Dante Alighieri,1768
Trump: The Art of the Deal,Tony Schwartz and Donald Trump,1987
The Club Dumas,Arturo Pérez-Reverte,1993
Dog Man: an epic novel,Dav Pilkey,2015
The Moving Finger,Agatha Christie,1942
Doctor Sleep,Stephen King and José Óscar Hernández Sendin,2013
Mechanics of engineering materials,"P. P. Benham, P.P. Benham, R.J. Crawford, and C.G. Armstrong",1987
Her Body and Other Parties: Stories,Carmen Maria Machado,2017
Black Market,James Patterson,1986
Calculus,Michael Spivak,2008
Soil Capability For Agriculture: Melfort 73 A.,Canada Land Inventory.,1965
Orientalism,Edward W. Said,1978
"Sermons preached at the lecture in Boston, from Luke XI, 21, 22: Shewing I. That the soul of man is a noble palace which the great God built for himself. II. That it is now become as a garison or strong hold, which Satan keeps against God. III. That there is a wretched peace and cursed quiet, which the carnal heart lies in under Satans tyranny. IV. That the victorious Saviour rescues whom he pleases, and will rescue all his chosen, from Satans power and tyranny. : To which is added, a discourse from Psalm CXXII. I. I was glad when they said unto me, let me go unto the House of the Lord",Benjamin Colman,1717
Snowfire.,Dana James,1988
Basic concepts in sociology,Max Weber,1922
"How to Be Disciplined: The Beginner's Guide to Discovering How to Manage Time, Become More Productive, Overcome Procrastination, and Focus on the Things That Matter Most in Life",Sheldon Howe,2022
Pimp: the story of my life,"Iceberg Slim, Beck, Robert, and Irvine Welsh",1967
The Scotsman and the spinster,Carolyn Madison,2000
"Think & Trade Like a Champion: The Secrets, Rules & Blunt Truths of a Stock Market Wizard",Mark Minervini,2017
Wolves of the Calla,Stephen King,2003
The Illustrated Man,Ray Bradbury,1901
"Essentials of Geology, Global Edition","Frederick K. Lutgens, Edward J. Tarbuck, Dennis Tasa, Dennis G. Tasa, K. Elayn Martin-Gay, and Addison Wesley Higher Education Staff",1982
Seven Pillars of Wisdom,T. E. Lawrence,1905
Persepolis I & II,Marjane Satrapi,2000
Reminders of Him: A Novel,Colleen Hoover,2022
Fundamentals of ecology,"Eugene Pleasants Odum, Eugene Odum, and Gary W. Barrett",1953
The art of violin playing,Carl Flesch,1924
The Long Goodbye,Raymond Chandler,1953
When Things Fall Apart: Heart Advice for Difficult Times,Pema Chödrön,1996
Dark moon rising,Dana James,1989
The undercover economist,Tim Harford,2012
An echo in the darkness,Francine Rivers,1994
The Crying of Lot 49,Thomas Pynchon,1965
Growth of the Soil: Volume Two,Knut Hamsun and William John Alexander Worster,1917
Black dog guy and not black cat kid: Race,Dav Pilkey,2002
Love and Freindship,Jane Austen,1995
Diary of a Young Girl,Anne Frank,2001
Silent messages.,Albert Mehrabian,1971
Child of the Dark: The Diary of Carolina Maria de Jesus,Carolina Maria de Jesus,1960
Fall I Want: A Novel,Lyra Parish,2024
No Other Will Do,Karen Witemeyer,2016
Virgil's Aeneid: with explanatory notes.,Publius Vergilius Maro,1710
"YouTube Formula: How Anyone Can Unlock the Algorithm to Drive Views, Build an Audience, and Grow Revenue",Derral Eves,2021
Curtain of Stars,Patricia Wilson,1990
Company law in Ghana,P. Ebow Bondzi-Simpson,2009
A Gentleman in Moscow,Amor Towles,2016
Perfume,Patrick Süskind,1985
I Know Why the Caged Bird Sings,Maya Angelou,1969
The Human Brain,Isaac Asimov,1963
Book of Enoch: New American Translation,R.H. Charles and Enoch The Prophet,2013
"A history of the Luo-Abasuba of western Kenya, from A.D. 1760-1940",H. Okello Ayot,1979
Without Trust,Penny Jordan,1988
Howl's Moving Castle,Diana Wynne Jones,1986
Elevation,Stephen King,2018
Letters to Martha: and other poems from a South African prison.,Dennis Brutus,1968
The Wicked King,Holly Black and LAIPENG,2019
Harvey's hideout,Russell Hoban,1969
Organic Chemistry: with infotrac,John E. McMurry,1984
Never Split the Difference: Negotiating As If Your Life Depended On It,Chris Voss and Tahl Raz,2016
Phantastes: A Faerie Romance for Men and Women,George MacDonald,1850
Just for fun: the story of an accidental revolutionary,Linus Torvalds and David Diamond - undifferentiated,2001
Toward a theory of instruction,Jerome S. Bruner,1966
The Alchemist: A Graphic Novel,Paulo Coelho,2010
Games People Play.,Eric Berne,1964
Jane Eyre,Charlotte Brontë,1847
Stranger Things: Rebel Robin,A. R. Capetta,2021
A Portrait of the Artist as a Young Man,James Joyce,1818
Thrawn,Timothy Zahn and Albert Agut Iglesias,2017
Kamasutra,Sudhir Kakar,2003
The black swan: the impact of the highly improbable,"Nassim Nicholas Taleb, David Chandler, and Nassim N. Taleb",2005
Leadership in Organizations: International Edition,"Gary A. Yukl, Gary A. Yukl, and Gary Yukl",1981
The widow's broom,Chris Van Allsburg,1992
Bought with His Name,Penny Jordan,1982
The Structure of Scientific Revolutions,Thomas S. Kuhn and Dennis Holland,1955
Circe,Madeline Miller,2018
The Dark Half,Stephen King,1989
Innocent Ereédira and Other Stories,Gabriel García Márquez,1972
The camp of the saints,Jean Raspail,1975
Your Fault,Mercedes Ron,2016
Vow of Deception,Rina Kent,2021
The Toyota way: 14 management principles from the world's greatest manufacturer,Jeffrey K. Liker,2004
Satan's Affair,H. D. Carlton,2021
Little House in the Big Woods,Laura Ingalls Wilder and Garth Williams,1932
The Murder of Roger Ackroyd,Agatha Christie,1926
Horolovar 400-day clock repair guide,Charles Terwilliger ISBN 0-916316-04-1,1956
Wizard and Glass,Stephen King,1997
Comfort herself,Geraldine Kaye,1984
Essential Maths,Sean McArdle,1996
Sidetracked Home Executives: From Pigpen to Paradise,"Young, Pam, Pam Young, and Peggy Jones",1980
The sorrows of Werter.: From the German of Geothe.  With an introd. by Henry Morley.,Johann Wolfgang von Goethe,1779
Funny Story,Emily Henry,2024
The antecedents of self-esteem.,Stanley Coopersmith and Stanley Coopersmith,1967
Man and his symbols,Carl Gustav Jung,1964
Digital literacy,Paul Gilster,1997
The Art of Frugal Hedonism: A Guide to Spending Less While Enjoying Everything More,Annie Raser-Rowland,2016
The First Men in the Moon,H. G. Wells,1900
The Big Sleep,Raymond Chandler,1939
Untitled,"Ann Ehrlich, Carol L. Schroeder, and Ann Roe-Hafer",1988
Five children and it,Edith Nesbit,1905
How to do things with words,J. L. Austin,1962
The goldfinch: a novel,Donna Tartt and Katia Benovich,2013
Three Novels,Stephen King,1984
The word for world is forest,Ursula K. Le Guin,1972
The Comedy of Errors,William Shakespeare,1734
Flowers for Algernon,Daniel Keyes,1966
The mis-education of the Negro,Carter Godwin Woodson,1933
Walk Two Moons,Sharon Creech,1994
"Balkans: Nationalism, War, and the Great Powers, 1804-2012",Misha Glenny,2000
Fox in socks,Dr. Seuss,1965
Student Companion With Complete Solutions for an Introduction to Genetic Analysis,"Anthony J. F. Griffiths, Susan R. Wessler, Richard C. Lewontin, William M. Gelbart, David T. Suzuki, and Jeffrey H. Miller",1993
Physics for scientists and engineers,Paul A. Tipler and Gene Mosca,1990
"Why Nations Fail: The Origins of Power, Prosperity, and Poverty",Daron Acemoglu and James A. Robinson,2012
Dearly devoted Dexter: a novel,"Jeffry P. Lindsay and Lindsay, Jeffry P./ Murillo, Eduardo G. ...",2005
Solar Storms: A Novel,"Linda Hogan, Ben Hogan, and Linda Hogan",1994
Katie Mulholland,Catherine Cookson,1967
Never Never,Colleen Hoover and Tarryn Fisher,2018
Looking awry: an introduction to Jacques Lacan through popular culture,Slavoj Žižek,1991
Concepts of modern physics.,Arthur Beiser,1963
Giovanni and Lusanna: love and marriage in Renaissance Florence,Gene Brucker,1986
Democracy and education: an introduction to the philosophy of education,John Dewey,1916
Leadership and performance beyond expectations,Bernard M. Bass,1985
Мастер и Маргарита,Михаил Афанасьевич Булгаков,1966
Bond of Vengeance: Harlequin Presents #749,Jessica Steele,1984
El coronel no tiene quien le escriba,Gabriel García Márquez and Luisa Rivera,1961
Horus Rising: The seeds of heresy are sown,Dan Abnett,2006
Spy and the Traitor: The Greatest Espionage Story of the Cold War,Ben Macintyre and Efrén del Valle,2018
Children's Missionary Library,Vernon Linwood Howard and Alice Bostrom,1949
The Jungle Book,Rudyard Kipling,1893
"The greater Key of Solomon: including a clear and precise exposition of King Solomon's secret procedure, its mysteries and magic rites : original plates, seals, charms and talismans : translated from the ancient manuscripts in the British Museum, London",King Solomon,1914
If I Ran the Zoo (Dr Seuss Yellow Back Book),Dr. Seuss,1950
Newmarket Match,Anita Mills,1989
"When You're Ready, This Is How You Heal",Brianna Wiest,2022
"Applied mathematics for business, economics, and the social sciences",Frank S. Budnick,1979
Journey Of Souls: Case Studies of Life Between Lives,Michael Newton,1997
Chemistry: the central science,"Theodore L. Brown, H. Eugene Lemay, Bruce E. Bursten, Catherine Murphy, and Patrick Woodward",1977
1st to Die: A Novel,James Patterson,2001
Eleanor Oliphant Is Completely Fine,Gail Honeyman,2017
"The reign of greed: a complete English version of El Filibusterismo, from the Spanish of José Rizal",José Rizal,1900
War Horse,Michael Morpurgo and Mercè Santaularia Campillo,1982
"Poetry, language, thought",Martin Heidegger,1927
Chronicle of a death foretold,Gabriel García Márquez,1980
Into Thin Air: A Personal Account of the Mt. Everest Disaster,Jon Krakauer,1996
"Bauhaus, 1919-1933",Magdalena Droste and Bauhaus Archiv,1990
Psycho Cybernetics,"Maxwell Maltz, Maxwell maltz, M. Maltz, Maxwell Maltz, Maltz, Maxwell, M.D., F.I.C.S., and Naxwell Maltz",1960
Dog Man and Cat Kid,Dav Pilkey,2017
"The people's Marx: abridged popular edition of the three volumes of ""Capital""",Karl Marx,1867
Themes in Greek Society and Culture: An Introduction,Allison Glazebrook and Christina Vester,2017
The Bonded Heart,Betsy Page,1984
ADHD 2. 0: New Science and Essential Strategies for Thriving with Distraction--From Childhood Through Adulthood,Edward M. Hallowell and John J. Ratey,2021
Quiet: The Power of Introverts in a World That Can't Stop Speaking,Susan Cain,2012
Fight Club,"Chuck Palahniuk, James Colby, Javier Calvo Perales, and Jordi Cussà Balaguer",1996
Coraline,Neil Gaiman,2001
The razor's edge: a novel,William Somerset Maugham,1944
Kafka on the Shore,村上春樹,2001
Fluent forever: how to learn any language fast and never forget it,Gabriel Wyner,2014
Coaching for performance,"Whitmore, John Sir",1992
Dream Psychology: Psychoanalysis for Beginners,Sigmund Freud,2017
You Like It Darker,Stephen King,2024
Little Bear,Else Holmelund Minarik,1957
New Moon,Stephenie Meyer,2006
The House on the Borderland,William Hope Hodgson,1946
"The Golden Legend: Or, Lives Of The Saints: Volume 7",Jacobus de Voragine and William Caxton,1476
I'm a frog!,Mo Willems,2012
Reacher: Killing Floor,Lee Child,1997
The Laws of human nature,Robert Greene,2018
Verity,Colleen Hoover,2018
Inside Job: A Billionaire Fake Fiance Romance,Alexis Knightly,2023
Bobby Fischer teaches chess,"BobFischer, Stuart Margulies, and Donn Mosenfelder",1966
Organic chemistry,Jonathan Clayden,2001
Your Brain on Porn: Internet pornography and the emerging science of addiction,Gary Wilson,2014
Jungle Enchantment,Patricia Wilson,1991
Naked lunch,William S. Burroughs and William Burroughs,1959
FOREX: Forex Trading for Beginners,G. Smith,2016
$100M Leads: How to Get Strangers to Want to Buy Your Stuff,Alex Hormozi,2023
The Sea of Monsters,Rick Riordan,2006
The truth about Stacey: a graphic novel,Raina Telgemeier,2006
Strategy: the indirect approach,B. H. Liddell Hart,1929
Redemption Road: the quest for peace and justice in Liberia,Elma Shaw,2008
Deviant King: Special Edition Print,Rina Kent,2019
Reluctant Paragon,Catherine George,1982
Who Am I in the Lives of Children? an Introduction to Early Childhood Education,"Stephanie Feeney, Eva Moravcik, and Sherry Nolte",2014
Between death and life: conversations with a spirit,Dolores Cannon,1993
Chew on this: the unhappy truth about fast food,Eric Schlosser and Charles Wilson,2006
The Lean Startup: How constant innovation creates radically successful businesses,Eric Ries,2011
All Creatures Great and Small: All Creatures Great and Small #1-2,James Herriot,1972
Song of Susannah,Stephen King,1999
The History and Culture of Pakistan,Nigel Kelly,2009
How to Make Friends with the Dark,Kathleen Glasgow,2019
The True Believer,Eric Hoffer and Eric Hoffer,1951
The French lieutenant's woman,John Fowles,1967
Tattoos on the heart: the power of boundless compassion,Greg Boyle,2010
The Apothecary Diaries 1 (Light Novel),日向夏,2021
Christians with courage,Ruth Johnson Jay,1968
The Murder at Hazelmoor,Agatha Christie,1931
The world as will and idea.,Arthur Schopenhauer,1819
Green Eggs and Ham (1988),Dr. Seuss,1960
Vogel's textbook of quantitative chemical analysis.,"Arthur Israel Vogel, J. Mendham, R.C. Denney, J. D. Barnes, M.J.K. Thomas, R. C. Denney, and M. J.K. Thomas",1989
The Simple Seerah: The Story of Prophet Muhammad - Part One,Asim Khan and Toyris Miah,2022
Make your bed: little things that can change your life... and maybe the world,"William H. McRaven, William H. McRaven, and Make Your Make Your Bed",2017
North to Amaroqvik,Cheryl M. Ufkin,2000
Where is the green sheep?,Mem Fox and Judy Horacek,2004
Calculus Made Easy: being a very simplest introduction to those beautiful methods of recknoning which are generally called by the terrifying names of the differntial calculus and the integral calculus.,Silvanus Phillips Thompson,1914
Ender's Game,Orson Scott Card,1985
"Jose Rizal: life, works, and writings of a genuis, writer, scientist, and national hero",Gregorio F. Zaide,1984
The Great Divorce,C.S. Lewis,1945
Where rainbows end,Cecelia Ahern,2004
How to talk so kids will listen & listen so kids will talk,Adele Faber and Elaine Mazlish,1980
Before we were strangers: a love story,Renée Carlino,2015
Family Upstairs: A Novel,Lisa Jewell,2019
River god,Wilbur Smith,1993
The Chevalier D'Harmental,Alexandre Dumas,1842
Demian,Hermann Hesse,1919
Chalice of the Gods,Rick Riordan,2023
Little girl lost,Drew Barrymore,1990
Invisible cities,Italo Calvino,1972
The theory of everything: the origin and fate of the universe,Stephen Hawking,2002
Journey to the Center of the Earth,Jules Verne,1867
The vine of desire: a novel,Chitra Banerjee Divakaruni,2002
Mr. Mercedes,"Stephen King, Stephen king, and Ingah Mikhaʼeli",2013
Forever . . .,Judy Blume,1957
Don't Let the Pigeon Drive the Bus!: words and pictures by Mo Willems,Mo Willems,2003
Sell or Be Sold: How to Get Your Way in Business and in Life,Grant Cardone,2012
Allergic: a Graphic Novel,Megan Wagner Lloyd and Michelle Mee Nutter,2021
Don't Believe Everything You Think: Why Your Thinking Is the Beginning and End of Suffering,Joseph Nguyen,2022
The  Ramayana and the Mahabharata,"Vālmīki, Robert P. Goldman, Rosalind Lefeber, and Sheldon I. Pollock",1823
Confessions of an Economic Hitman,"Perkins, John, John Perkins, John Perkins, Perkins, John, and 0",2004
How to Be a Pirate By Hiccup Horrendous Haddock III,Cressida Cowell,2004
The Magic Mountain Translated from the German by H. T. Lowe-Porter,Thomas Mann,1924
Nineteen eighty-four,George Orwell,1949
Stone butch blues: a novel,Leslie Feinberg,1993
The Remains of the Day,Kazuo Ishiguro,1989
Being and nothingness: an essay on phenomenological ontology,Jean-Paul Sartre,1943
Just and Unjust Wars: A Moral Argument with Historical Illustrations,Michael Walzer,1977
Rival attractions,Penny Jordan,1990
The Protestant ethic and the spirit of capitalism.,"Max Weber, Gilbert Geis, Sebastian Guzman, James Hill, Joaquín Abellán García, Đặng Thị Nguyệt Ánh, Le Minh Ton, Tôn Lê Minh, Talcott Parsons, and 6 others",1700
Manifest: 7 Steps to Living Your Best Life,Roxie Nafousi,2022
"Engineering Mechanics, Dynamics",R. C. Hibbeler,1978
Diary of a Wimpy Kid Rodrick Rules,Jeff Kinney,2007
Dr. Seuss's ABC.,Dr. Seuss,1960
The Tao of Physics: An Exploration of the Parallels Between Modern Physics and Eastern Mysticism,Fritjof Capra,1975
Introduction to Criminal Justice,John Randolph Fuller,2018
The Seven Husbands of Evelyn Hugo: A Novel,Taylor Jenkins Reid,2017
Kill Switch,Penelope Douglas,2019
A Mind for Numbers: How to Excel at Math and Science (Even If You Flunked Algebra),Barbara A. Oakley,2014
In sheep's clothing: understanding and dealing with manipulative people,George K. Simon,1996
The Raven,Edgar Allan Poe,1845
Silence,Shūsaku Endō,1980
Norse Mythology,Neil Gaiman and Anna Llisterri,2016
The Hired Girl,Laura Amy Schlitz,2015
Earth: An Introduction to Physical Geology (9th Edition),Edward J. Tarbuck and Frederick K. Lutgens,1984
The seven spiritual laws of success: a practical guide to the fulfillment of your dreams,Deepak Chopra,1994
Just after Sunset: Stories,Stephen King,2008
Site analysis: diagramming information for architectural design,Edward T. White,1983
Evicted: Poverty and Profit in the American City,Matthew Desmond and Enrique Maldonado Roldn,2016
The Perks of Being a Wallflower,Stephen Chbosky and Stephen Chbosky,1999
Essential Experiments for Chemistry,"Duncan & Scodellaro, Darrel Morrison",2005
Introduction to linear algebra,Gilbert Strang,1998
Secrets of the Millionaire Mind CD: Mastering the Inner Game of Wealth,T. Harv Eker,2005
Batman: The Killing Joke,"Alan Moore, Brian Bolland, Alan Moore, John Higgins, and Richard Starkings",1988
Mate,Ali Hazelwood,2025
The Book Thief,Markus Zusak,1998
Martin Eden,Jack London,1908
Complete Courage to Be Disliked Duology Boxed Set: The Courage to Be Disliked and the Courage to Be Happy,Ichiro Kishimi and Fumitake Koga,2024
Whipping Girl: A Transsexual Woman on Sexism and the Scapegoating of Femininity,Julia Serano,2007
The happy hooker: my own story,Xaviera Hollander,1973
Like Enemies,Sophie Weston,1986
The Philippines a century hence,José Rizal and Charles Derbyshire,1905
Manipal Manual of Clinical Anatomy: Volume 1,Sampath Madhyastha,2016
Julie of the Wolves,Jean Craighead George,1972
Cell and molecular biology: concepts and experiments,Gerald Karp,1996
Computing and Technology Ethics: Engaging Through Science Fiction,"Emmanuelle Burton, Judy Goldsmith, Nicholas Mattei, Cory Siler, and Sara-Jo Swiatek",2023
Frankenstein,Mary Shelley,1818
Crucial Conversations: Tools for Talking When Stakes are High,"Kerry Patterson, Joseph Grenny, Ron McMillan, Al Switzler, and Stephen R. Covey",2001
A Practical English Grammar,"A. J. Thomson, Audrey Jean Thomson, and A. V. Martinet",1986
Harry Potter and the Order of the Phoenix,J. K. Rowling,2003
Substitute Wife,Rachel Lindsay,1982
The Final Price,Patricia Wilson,1986
Franny and Zooey,J. D. Salinger,1961
The law of attraction: the basics of the teachings of Abraham,"Abraham (Spirit), Esther Hicks, and Jerry Hicks",2006
Dark Illusion,Patricia Wilson,1992
"The Alhambra by Irving, Washington , Edward K. Robinson editor",Washington Irving,1800
"Good morning, midnight.",Jean Rhys,1967
"Daily Laws: 366 Meditations on Power, Seduction, Mastery, Strategy and Human Nature",Robert Greene,2021
Los secretos de la mente millonaria: Cómo dominar el juego interior de la riqueza,T. Harv Eker,2013
Philippine folk dances.: With foreword by Serafin Aquino,Francisca Reyes Aquino,1953
Understanding Ultrasound Physics,Sidney K. Edelman,2004
Heart Bones: A Novel,Colleen Hoover,2020
War Is a Force that Gives Us Meaning,Chris Hedges,2002
Life beyond fear: experience living without limits,Nate Holcomb,2012
Oryx and Crake,Margaret Atwood,2002
A Dance With Dragons,George R. R. Martin,2008
"Supply chain management: strategy, planning, and operation","Sunil Chopra, Sunil Chopra, and Peter Meindl",2000
Understanding Business 13th Edition,"William G. Nickels, James McHugh, and Susan McHugh",2021
The silence of the sea,Vercors,1944
The Mysterious Affair at Styles,"Agatha Christie, Aric Cushing, and Bookstar",1920
The complete Japanese joinery,Hideo Sato and Yasua Nakahara,1995
"The epic of Gilgamesh: a new translation, analogues, criticism","Benjamin R. Foster, Douglas Frayne, and Gary M. Beckman",2001
The teachings of Don Juan: a Yaqui way of knowledge.,Carlos Castaneda,1968
Dispatches,Michael Herr,1977
Love's Lady Lost: Harlequin Regency Romance #57,Gwyneth Moore and Patricia Veryan,1991
And the Mountains Echoed,Khaled Hosseini,2013
The poetical works,William Wordsworth,1807
Paperback - the Silent Patient: A Novel,Omen King,2020
The Jewel of Seven Stars,Bram Stoker,1902
Family men,Debbie Macomber,1998
Are you ready to play outside?,Mo Willems,2001
Market microstructure theory,Maureen O'Hara,1995
"The Montessori method: scientific pedagogy as applied to child education in ""The children's houses"" with additions and revisions by the author",Maria Montessori,1912
The McDonaldization of society,George Ritzer,1993
"How I made $2,000,000 in the stock market.",Nicolas Darvas,1960
Looking for Mr. Goodbar,"Judith Rossner, Rossner, Judith rossner, and Judith Rossner",1975
The Cinnamon Bun Book Store: All it takes is a little bit of sugar and spice,Laurie Gilmore,2024
Cognitive therapy and the emotional disorders,Aaron T. Beck,1976
The Princess and the Pea (Well Loved Tales Level 1),"Hans Christian Andersen, Barbara Lanza, and Kari James",1967
The Underground Railroad: a novel,Colson Whitehead,2000
This Is How You Lose the Time War,Amal El-Mohtar and Max Gladstone,2019
Shatter me,Tahereh Mafi,2011
Dracula,Bram Stoker,1897
Dog Man Unleashed,Dav Pilkey,2016
The Art of Manipulation: Techniques Used to Manipulate and Control People,Benedict Goleman,2021
Herzog,Saul Bellow,1961
The Sailor Who Fell From Grace With the Sea,三島由紀夫,1970
"How to day trade for a living: a beginner's guide to trading tools and tactics, money management, discipline and trading psychology",Andrew Aziz,2016
The lightning thief: the graphic novel,Robert Venditti and Rick Riordan,2005
The Nicomachean Ethics,"Aristotle, J. A. Smith, Joe Sachs, Robert C. Bartlett, Susan D. Collins, and L H. G. ed Greenwood",1558
"History of Bangladesh, 1704-1971",Sirajul Islam,1992
The Hitch Hiker's Guide to the Galaxy,Douglas Adams,1979
The Picture of Dorian Gray,Oscar Wilde,1890
"King Leopold's ghost: a story of greed, terror, and heroism in colonial Africa","Adam Hochschild and GIL ARISTU JOSE LUIS,",1998
Complete Big Nate: #19,Lincoln Peirce,2015
The Portrait of a Lady,Henry James,1881
Rich Dad's Increase Your Financial IQ: Get Smarter with Your Money,Robert T. Kiyosaki,2008
The Five People You Meet in Heaven,Mitch Albom,2003
"The way of the superior man: a spiritual guide to mastering the challenges of women, work, and sexual desire",David Deida,1997
Wool,Hugh Howey,2011
Esperanza rising,Pam Muñoz Ryan,2000
Back mechanic: the secrets to a healthy spine your doctor isn't telling you : the step by step McGill Method to fix back pain,Stuart McGill,2015
Botany for Degree Students: Fungi,B.R. Vashishta,2016
The Great Alone: A Novel,Kristin Hannah and Mar Albacar i Morgó,2018
The Hunger Games Complete Trilogy: The Hunger Games; Catching Fire; Mockingjay,Suzanne Collins and Carolyn McCormick,2010
The Passage,Justin Cronin,2010
The Neuropsychology of Anxiety: An Enquiry into the Functions of the Septo-Hippocampal System (Oxford Psychology Series),Jeffrey A. Gray and Neil McNaughton,2003
Dog Man: A Tale of Two Kitties: From the Creator of Captain Underpants,Dav Pilkey,1999
Deja Dead,Kathy Reichs,1997
Sleeping Murder,Agatha Christie,1940
Outsiders: studies in the sociology of deviance.,Howard Saul Becker,1963
The Hidden Hindu 2,Akshat Gupta,2022
Poirot investigates.,Agatha Christie,1924
You: A Novel,Caroline Kepnes,2014
Pedagogy of the oppressed,Paulo Freire,1967
"Twin Milf, Part 1",Youtoku Tatsunami,2020
Divine Rivals,Rebecca Ross,2023
Everything you need to ace English language arts in one big fat notebook: the complete middle school study guide,Jen Haberling and Kevin Jay Stanton,2016
Influence: how and why people agree to things,Robert B. Cialdini,1983
The Power Of Darkness,Edith Nesbit,2006
Pedro Páramo,Juan Rulfo,1955
Detox Your Mind,Jane Scrivner,2000
Vittorio Storaro: Writing with Light: Volume 1: The Light,Vittorio Storaro,2002
Writing to learn: how to write and think clearly about any subject at all,William Zinsser,1988
What Every BODY Is Saying,"Joe Navarro, pierre dukan, Marvin Karlins, Joe Navarro with Marvin Karlins, Marvin Karlins Joe Navarro, and Navarro, Joe, Karlins, Marvin",2008
Alphabet of lust,Kamala Das,1977
Because of Winn-Dixie,Kate DiCamillo,2000
"Build, Don't Talk: Things You Wish You Were Taught in School",Raj Shamani,2023
Competitive Strategy,Michael E. Porter,1980
Where the crawdads sing,Delia Owens,2018
I and Thou,Martin Buber,1922
Terryworld,Dian Hanson and Terry Richardson,2004
Stoner,John Williams,1965
Wings of Fire: The Dragonet Prophecy,Tui T. Sutherland,2012
The Forever Affair,Catherine George,1998
Dance upon the air,Nora Roberts,1902
Pollyanna,"Eleanor Hodgman Porter, Porter, Neil Reed, and Lee Giles",1912
Girl in Pieces,Kathleen Glasgow,2000
Emotional intelligence: Why it can matter more than IQ,Daniel Goleman,1995
Confess: a novel,Colleen Hoover,2015
The essayes of Montaigne,"Montaigne, Michel de",1600
Giovanni's room,"James Baldwin, james baldwin , and James Baldwin",1956
Flow: the psychology of optimal experience,Mihaly Csikszentmihalyi,1990
Pretty girls: a novel,Karin Slaughter,2001
Business communication today,Courtland L. Bovée,1989
Dubliners,James Joyce,1914
"Fear and trembling: and, The sickness unto death",Søren Kierkegaard,1843
Valley of the vapours,Janet Dailey,1976
The Silent Patient,Alex Michaelides,2018
Stories 1904-1924,Franz Kafka,1946
A long walk to water: based on a true story,Linda Sue Park and Ginger Knowlton,2008
Forbidden knowledge: from Prometheus to pornography,Roger Shattuck,1996
Deep trouble,Robert Lawrence Stine,1994
ON SUICIDE; TRANS. BY ROBIN BUSS.,Émile Durkheim,1850
Twilight,Stephenie Meyer,2005
Poem of the Cid,Anonymous,1868
Crown of Midnight,Sarah J. Maas,2013
Legacy of Doubt,Jean S. MacLeod,1989
Frog and Toad Storybook Treasury,Arnold Lobel,1987
"The  bloody chamber, and other stories",Angela Carter,1979
Nervous conditions: a novel,Tsitsi Dangarembga,1988
Magician,Raymond E. Feist,1982
The Baby-Sitters Club: Claudia and Mean Janine,Raina Telgemeier and Ann M. Martin,1986
"Dare to lead: brave work, tough conversations, whole hearts",Brené Brown,2018
Organic Chemistry,Ralph J. Fessenden and Joan S. Fessenden,1979
The Official Cambridge Guide To Ielts Student's Book With Answers With Dvd Rom,PAULINE,2014
Anatomy of the Sacred (6th Edition),James Livingston,2008
Don't let the pigeon stay up late!: The pigeon reeeally wants to stay up late. Can you help?,Mo Willems,2006
Orbiting Jupiter,Gary D. Schmidt,2015
Praise,Sara Cate,2022
The Practice of English Language Teaching: with DVD,"Jeremy Harmer, J. Harmer, Jeremy Harmer, and Jeremy Harmer",1983
What is life?: the physical aspect of the living cell,Erwin Schrödinger and Roger Penrose,1944
Cyclops,Clive Cussler and Oliver Cussler,1986
The Hero of Ages: Book Three of Mistborn,Brandon Sanderson,2008
True Colors,Elizabeth Hewitt,1993
"Hands-On Machine Learning with Scikit-Learn, Keras, and TensorFlow",Aurélien Géron,2019
The Man Who Was Thursday,"Gilbert Keith Chesterton, Jake Kerr, Matt Mikalatos, Harry Plantinga, David Widger, Vincent Verret, and Victor",1908
Lisey's Story,Stephen King,2006
Swimming fastest,Ernest W. Maglischo,2003
Arsenic and old lace,Joseph Kesselring,1941
Discipline and punish: the birth of the prison,"Michel Foucault, mechil foucault, and Simon Prebble",1975
This Earth of Mankind,Pramoedya Ananta Toer,1972
The practice of social research,Earl R. Babbie,2000
No Longer Human,太宰 治,1948
The Eyes of the Dragon,Stephen King,1959
The Will of the Many,James Islington,2023
Introduction to social welfare,Walter A. Friedlander,1955
The Frozen River,Ariel Lawhon,2023
Not His Kind of Woman,Roberta Leigh,1992
The anatomy of motive: the FBI's legendary mindhunter explores the key to understanding and catching violent criminals,"John E. Douglas, John Douglas, and Mark Olshaker",1999
Something Wicked This Way Comes,Ray Bradbury,1962
Disgrace,J. M. Coetzee,1999
"Emil and the Detectives (Penguin Readers, Level 3)",Erich Kästner and KASTNER,1930
"The  Christian's pattern: or, a treatise of the Imitation of Jesus Christ ...","Thomas à Kempis, Jérôme de Gonnelieu, Richard Challoner, Ronald Arbuthnott Knox, Michael Oakley, Paul M. Bechtel, Joseph N. Tylenda, Elder Mullan, Henri Belleau, and 27 others",1568
Child of the holocaust,Jack Kuper,1967
"Full dark, no stars",Stephen King,2010
Advanced Mathematics: Precalculus With Discrete Mathematics and Data Analysis,Richard G. Brown,1975
A way of being,"Rogers, Carl R.",1980
Betting on You,Lynn Painter,2023
"American slavery, 1619-1877",Peter Kolchin,1993
Dandelion wine: a novel.,Ray Bradbury,1946
"Sixth Edition, The Ultimate Guide to SAT® Grammar",Erica  L. Meltzer,2023
Art of poetry,"Aristotle, Leon Golden, and O. B. Hardison",1536
Contesting: The Name It and Claim It Game: WINeuvers for WISHcraft,Helen Hadsell,1988
Differential and integral calculus,Clyde E. Love,1916
My Secret Life,Walter and Anonymous,1966
Some merry adventures of Robin Hood of great renown in Nottinghamshire,Howard Pyle,1883
The virtual community: finding connection in a computerized world,Howard Rheingold and Howard Rheingold,1993
Understanding the Psychology of Money: the Story about Psychology of Money,Hardy L. LESLIE,2021
The Last Man,Mary Shelley,1826
Hondo,Louis L'Amour,1953
The Bazaar of Bad Dreams,Stephen King,2015
Murder on the Links,Agatha Christie,1923
On photography,Susan Sontag,1977
Rising Tides,Nora Roberts,1998
Fatherland,"Harris, Robert",1992
Wicked: The Life and Times of the Wicked Witch of the West : A Novel,Gregory Maguire,1995
Mechanics of Materials,R. C. Hibbeler,1991
The Chrysalids,John Wyndham,1955
King of Envy,Ana Huang,2025
Spell Book for New Witches: Essential Spells to Change Your Life,Ambrosia Hawthorn,2020
River's end,Nora Roberts,1999
Let's Talk with Readings,Andrea A. Lunsford and Michal Brody,2022
"Girl, interrupted",Susanna Kaysen,1993
"The magical household: empower your home with love, protection, health and happiness",Scott Cunningham,1987
Der Steppenwolf (Suhrkamp; in German),Hermann Hesse,1927
A Grave for a Dolphin,Alberto Denti di Pirajno,1956
All In One Science Class 9th,Arihant Experts (Author),2017
The story of Manon Lescaut and the chevalier des Grieux,"Abbé Prévost, F. C. Green, felix crespo, and Pr&eacute",1734
History of Islam,Masudul Hasan,1987
Nightmares and Dreamscapes,Stephen King,1993
Wings of Fire: Moon Rising,Tui T. Sutherland,2014
Duma Key: A Novel,Stephen King,2008
The Pragmatic Programmer: From Journeyman to Master,"Andy Hunt, David Thomas, Dave Thomas, and David . Thomas",1999
The enemy,Lee Child,2004
Fine Print,Lauren Asher,2021
"Democracy in America, tr. by H. Reeve",Alexis de Tocqueville and Gustave de Beaumont,1835
Heir of Fire,Sarah J. Maas,2014
Icebreaker,Hannah Grace,2020
Ocean at the End of the Lane,"Neil Gaiman, Mónica Faerna, Patrick Marcel, Lluís Delgado, and Oriol Hernández",2013
Normal People,Sally Rooney,2018
The presentation of self in everyday life,Erving Goffman,1952
The edible woman,Margaret Atwood,1969
Nonviolent communication: a language of life,"Marshall B. Rosenberg, Deepak Chopra, Magiarí Díaz Díaz, Alan Rafael Seid Llamas, and Rosenberg",1999
The chronicle history of the life and death of King Lear and his three daughters,William Shakespeare,1608
How to talk to anyone: 92 little tricks for big success in relationships,Leil Lowndes and LEILA,1999
The Selfish Gene,Richard Dawkins and Lalla Ward Richard Dawkins,1976
Self Heal by Design: The Role of Micro-Organisms for Health,"Barbara O'Neill, Shane Winfield, and Andrew Genn",2014
Marked,P. C. Cast and Kristin Cast,2007
White Nights / Bobock,Фёдор Михайлович Достоевский,2016
Art of Thinking Clearly,Rolf Dobelli and Rolf Dobelli,2013
Revival: A Novel,Stephen King,2014
Meditations,"Marcus Aurelius, Gregory Hays, and Ryan Holiday",2006
Roots: The Saga of an American Family,Alex Haley,1861
Fahrenheit 451,Ray Bradbury,1953
The Fall,Albert Camus,1917
Reckless: Traitor. Tormented. Destined for each other.,Lauren Roberts,2024
"Cry, the Beloved Country: A Story of Comfort in Desolation",Alan Paton,1940
A walk to remember,Nicholas Sparks,1999
Mastery,Robert Greene,2012
A Betty Neels Christmas: A Christmas Proposal / Winter Wedding,Betty Neels,2002
What an Earl Wants,Shirley Karr,2005
Wicca: a guide for the solitary practitioner,Scott Cunningham,1988
House of Leaves,Mark Z. Danielewski,1998
Medical apartheid: the dark history of medical experimentation on Black Americans from colonial times to the present,Harriet A. Washington,2006
Freedom from the Known,Jiddu Krishnamurti,1959
Tampa,Alissa Nutting,2013
Too Late,Colleen Hoover,2016
The radium girls: the dark story of America's shining women,Kate Moore,2016
Fundamentals of physics,"David Halliday, Robert Resnick, and Jearl  Walker",1970
Veronika decides to die,Paulo Coelho,1998
The motorcycle diaries: notes on a Latin American journey,"Che Guevara, Ann Wright, Ernesto; Wright, Ann (translator) Guevar..., Aleida Guevara, Walter Salles, and Cintio Vitier",1993
Social Research Methods,"Alan Bryman, Edward Bell, Jennifer Reck, and Jessica Fields",2012
"The Walking Dead, Vol. 1: Days Gone Bye",Robert Kirkman and Tony Moore,2004
"Client-Centered Therapy: Its Current Practice, Implications, and Theory","Rogers, Carl R.",1951
Little men: life at Plumfield with Jo's boys,Louisa May Alcott and Reed,1885
"Walden; or, Life in the woods",Henry David Thoreau,1854
"That was then, this is now",S. E. Hinton,1971
Regretting You,Colleen Hoover,2019
Study Guide: Conference of the Birds by Farid Ud-Din Attar,SuperSummary,2017
Hearts in Atlantis,Stephen King,1998
Instructor's manual to accompany fundamentals of analytical chemistry,Douglas Arvid Skoog and Donald M. West,1963
The Tales of Beedle the Bard,J. K. Rowling,2008
Developing reading skills: intermediate,Linda Markstein,1981
The Talisman,Stephen King and Peter Straub,1925
Introduction to VLSI Design Flow,Sneh Saurabh,2022
[publications]. Original Series: 143,Early English Text Society,1864
Almanack of Naval Ravikant: A Guide to Wealth and Happiness,Eric Jorgenson,2020
The Hidden Oracle,Rick Riordan,2016
Twisted Lies,Ana Huang and Mariona Gastó Jiménez,2022
The Ghost Next Door: Goosebumps #10,Robert Lawrence Stine,1993
Dutchman's flat: a western sextet,Louis L'Amour,1979
Why we took the car,Wolfgang Herrndorf,2010
Double Down,Jeff Kinney,2007
Court of Thorns and Roses Hardcover Box Set,Sarah J. Maas,2017
Cannibals with forks: the triple bottom line of 21st century business,"Elkington, John.",1997
Never Flinch: A novel,Stephen King,2025
Cirque du Freak,Darren Shan,2000
Carrie,Stephen King,1974
Sister Mother Warrior: A Novel,Vanessa Riley,2022
Options as a strategic investment: a comprehensive analysis of listed option strategies,Lawrence G. McMillan,1980
A Man with a Maid,"Anonymous, Scheiner, James Jennings, Running Press Staff, Bill Adler, Anonymous, and Helen Thompson",1968
Push,"Sapphire, Tayari Jones, Sapphire, and Sapphire, Lofton, Ramona",1996
HVAC Fundamentals,Samuel C. Sugarman,2004
Work Life Balance: The Ultimate Work-Life Balance Checklist,Latoya Patton,2023
Leviathan,Scott Westerfeld,2009
Improve Your Communication Skills,Alan Barker,2010
477 Frases de Poder: Diseñadas para Reprogramar Tu Mente Subconsciente,Alejandro Cardona,2023
Rich Dad's Advisors®: Cashflow Quadrant,Robert T. Kiyosaki,2000
A Critical History of Western Philosophy,Y. Masih,1999
Fictions,Jorge Luis Borges,1945
The crush,Sandra Brown,2002
Bury My Heart at Wounded Knee: an Indian history of the American West,Dee Alexander Brown,1672
The Bell Jar,Sylvia Plath,1963
Parable of the sower,Octavia E. Butler,1993
Shadow and Bone,Leigh Bardugo,2012
Carmilla,Sheridan Le Fanu,1871
Shakespeare's Julius Caesar,William Shakespeare,1656
Naked Economics: Undressing the Dismal Science,Charles J. Wheelan,2002
Butterfly 5,Ashley,2023
Bridget Jones's Diary,Helen Fielding and Helen Fielding,1996
The Two Towers: Being the second part of the Lord of the Rings,J.R.R. Tolkien,1954
Artificial intelligence,Patrick Henry Winston,1977
Martha Stewart's Homekeeping Handbook: The Essential Guide to Caring for Everything in Your Home,Martha Stewart,2006
The Boy's King Arthur,Thomas Malory,1557
Monday's not coming,Tiffany D. Jackson,2018
Memoirs of Fanny Hill,John Cleland,1749
Untamed,Glennon Doyle Melton,2020
The Let Them Theory: The Life-Changing Hack That Millions of People Cant Stop Talking About,Mel Robbins,2024
How to Decide: Simple Tools for Making Better Choices,Annie Duke,2020
Réinventer le travail,Jason Fried and David Heinemeier Hansson,2010
Where the Blood Mixes,Kevin Loring,2009
Eragon,Christopher Paolini,1998
Social Cognition: From Brains to Culture,Susan T. Fiske and Shelley E. Taylor,1984
Drawn by Brush: Sensei's Obedience Lesson,MEME50,2018
Man's Search for Meaning,Viktor E. Frankl,1946
100 Ways to Motivate Yourself,Steve Chandler,1996
The Return of the King: Being the Third Part of The Lord of the Rings,J.R.R. Tolkien,1950
"Brenner and Rector's the Kidney, 2-Volume Set","Barry M. Brenner, Barry M. Brenner, Maarten W. Taal, Karl Skorecki, Glenn M. Chertow, Philip A. Marsden, and Alan S. L. Yu",1996
Quantitative Aptitude for Competitive Examinations,R.S. Aggarwal,2017
The Utopia Of Sir Thomas More,Thomas More,1518
The varieties of religious experience: a study in human nature : being the Gifford lectures on natural religion delivered at Edinburgh in 1901-1902,"William James, Dr. William James, WILLIAM JAMES, James, William, William James, CrossReach Publications, and James William",1817
Influence: The Psychology of Persuasion,Robert B. Cialdini,N/A
Microbiology: An Introduction Media Update (7th Edition),"Gerard J. Tortora, Berdell R. Funke, and Christine L. Case",1982
World mythology: an anthology of the great myths and epics,Donna Rosenberg,1986
Painted Scars: An Enemies to Lovers Mafia Romance,Neva Altaj,2022
Introduction to communicative disorders,M. N. Hegde,1991
The life-changing magic of tidying up: the Japanese art of decluttering and organizing,Marie Kondo and Marie Kondo,2014
The Elements of Style,"William Strunk, Jr., E. B. White, William Strunk Jr., Roger Angell, and Strunk, William, Jr.",1920
The Beckoning Lady,Margery Allingham,1955
"Heartstopper Volume 4: The Bestselling Graphic Novel, Now on Netflix!",Alice Oseman,2021
The Nonpareil,Dawn Lindsey,1986
Ultimate Showdown,James Patterson and Julia Bergen,2014
Native Son,"Richard Wright, Richard Wright - undifferentiated, and Richard Wright",1940
Fatal strategies,Jean Baudrillard and M. Nio,1983
The Running Man,Stephen King,1982
The land of stories: the wishing spell,Chris Colfer,1990
Diary of a Wimpy Kid Hot Mess,Jeff Kinney,2024
Zoo Station: the story of Christiane F. [memoir],"Christiane Felscherinow, Kai Hermann, Horst Rieck, and Sonja Vukovic",1978
Pigs Make Me Sneeze!,Mo Willems,2009
"Rich Dad's Guide to Investing: What the Rich Invest in, That the Poor and the Middle Class Do Not!",Robert T. Kiyosaki and Sharon L. Lechter,2000
The Adventures of Captain Underpants,Dav Pilkey,1997
Desperation: A Novel,Stephen King,1996
The works of Hubert Howe Bancroft...,Hubert Howe Bancroft,1882
The Winds of Winter,Sandra Field,1980
"Control Your Emotions: Gain Balance, Resilience, and Calm; Find Freedom from Stress, Anxiety, and Negativity",Patrick King,2019
Philosophical investigations,Ludwig Wittgenstein,1953
Diary of a Wimpy Kid: Book 18,Jeff Kinney,2023
Gender trouble: feminism and the subversion of identity,Judith Butler,1989
On Earth We're Briefly Gorgeous,Ocean Vuong,2019
The man in the iron mask (The works of Alexandre Dumas in thirty volumes),Alexandre Dumas,1600
Survival in Auschwitz,Primo Levi,1947
The Sealed Nectar,Safiur Rahman Mubarakpuri,1979
Demon slayer: Kimetsu no yaiba. Volume 1,Koyoharu Gotoge,2018
"Primitive culture: researches into the development of mythology, philosophy, religion, language, art and customs",Edward B. Tylor and Edward Burnett Tylor,1871
Jonathan Livingston Seagull,"Richard Bach, Russell Munson, and Antonio Ramos Rosa",1970
Microeconomics: wei guan jing ji xue : di 6 ban,"Robert S. Pindyck, Daniel L. Rubinfeld, Robert Pindyck, Daniel Rubinfeld, and Daniel L. Rubinfield",1988
22 cells in Nuremberg: a psychiatrist examines the Nazi criminals,Douglas McGlashan Kelley,1947
Amerika: the man who disappeared,Franz Kafka and Ritchie Robertson,1927
11/22/63,Stephen King,1925
"Naruto, Vol. 1",Masashi Kishimoto,2001
Brazen: (Electronic Resource),Maya Banks,2023
Appointment with Death,Agatha Christie,1938
The Secret of Chimneys,Agatha Christie,1925
The Big Four,Agatha Christie,1927
The Testaments,Margaret Atwood,2019
"How to talk to anyone, anytime, anywhere: the secrets of good communication",Larry King,1995
Surrounded by Psychopaths: How to Stop Being Exploited by Others,Thomas Erikson,2020
The Boy Who Dared: a novel based on the true story of a Hitler Youth,Susan Campbell Bartoletti,2008
"Speak with No Fear: Go from a Nervous, Nauseated, and Sweaty Speaker to an Excited, Energized, and Passionate Presenter",Mike Acker,2019
The authoritative Calvin and Hobbes: a Calvin and Hobbes treasury,Bill Watterson,1988
How to Win Friends and Influence People: The Only Book You Need to Lead You to Success,Dale Carnegie,1936
She Comes First: The Thinking Man's Guide to Pleasuring a Woman,Ian Kerner,2004
The Queen's Code,Alison A. Armstrong,2013
Black House,Stephen King and Peter Straub,2001
History of the Filipino People,Teodoro A. Agoncillo,1969
Black AF History: The un-Whitewashed Story of America,Michael Harriot,2022
Forget Me Not and Beautiful Dreamer,Ann Maxwell,1984
One Dark Window,Rachel Gillig,2022
I write what I like,Steve Biko,1958
Taming Mr. Walker,Rosa Lucas,2021
Speak,Laurie Halse Anderson,1999
Fifty Shades of Grey,E. L. James,2000
Heroes of Olympus: The Son of Neptune,Rick Riordan,2011
The Diary of a Young Girl,Anne Frank,1944
"I Survived the Sinking of the Titanic, 1912","Lauren Tarshis, Georgia Ball, Lauren Haus Studio, and Scott Dawson",2010
It Ends With Us,Colleen Hoover,2012
"Automation, production systems, and computer-integrated manufacturing",Mikell P. Groover,1987
Right Wing Revolution: How to Beat the Woke and Save the West,Charlie Kirk and Sergio Gor,2024
Heartless,Elsie Silver,2022
Self-efficacy: the exercise of control,Albert Bandura,1977
Mister B. Gone,Clive Barker,2007
The daybreakers.,Louis L'Amour,1960
The moon is a harsh mistress,Robert A. Heinlein,1965
An introduction to the theoretical basis of nursing,Martha E. Rogers,1970
The complete poetical works of Percy Bysshe Shelley.,Percy Bysshe Shelley,1800
Anne Hooper's Kama sutra: classic lovemaking techniques reinterpreted for today's lovers.,Anne Hooper and Ulrike Kerstiens,1994
Mind Readers,Margery Allingham,1965
Manufacturing Consent,"Edward S. Herman, Noam Chomsky, Edward S. Herman, and John Pruden",1988
The Lottery,Shirley Jackson,1983
Scary Stories 3,Alvin Schwartz,1991
Ten Little Indians,Agatha Christie,1939
Thea Stilton and the Niagara splash,Elisabetta Dami,2016
Red star over China,"Edgar Snow, E. snow, JIE JI ? KAI LE, Edgar Snow, and John King Fairbank",1937
The Paper Dolls,Julia Donaldson,2012
The think and grow rich action pack,Napoleon Hill,1972
Anxious People,Fredrik Backman,2020
Superman: the Action comics archives.,"Jerry Siegel, Don Cameron, and Joe Shuster",1997
Every Summer After,Carley Fortune,2022
From Jail to Jail,Tan Malaka,1947
"Dictionary of the Bible: comprising its antiquities, biography, geography, and natural history",William Smith and Mary AbThaxter Peloubet,1860
"The Travels of Ser Marco Polo, the Venetian: concerning the kingdoms and marvels of the East",Marco Polo,1818
Sophie's World,Jostein Gaarder and Paulette Moller,2010
The nabob's daughter,Dawn Lindsey,2000
A Beginner's Guide to the Stock Market: Everything You Need to Start Making Money Today,Matthew R. Kratter,2019
"Myth of Normal: Trauma, Illness and Healing in a Toxic Culture",Gabor Maté and Daniel Maté,2022
Stellarlune: Keeper of the Lost Cities #9,Shannon Messenger,2022
Rabia / Rage,Stephen King,1977
The Things They Carried,Tim O'Brien,1990
"The boy who was raised as a dog: and other stories from a child psychiatrist's notebook : what traumatized children can teach us about life, loss, love, and healing","Bruce Duncan Perry, Bruce D. Perry, and Maia Szalavitz",2006
Back to Eden: The Classic Guide to Herbal Therapy,Jethro Kloss,1939
"Steel Construction Manual, 16th Ed",American Institute of Steel Construction,2023
Homeland,R. A. Salvatore,1990
Beyond Compare,Penny Jordan,1989
The interpretation of dreams,Sigmund Freud,1899
Tethered: An Arranged Marriage Fantasy Romance,Elayna R. Gallea,2023
"Berserk, Vol. 1",三浦建太郎 (Kentaro Miura),1990
On Writing,Stephen King,1999
Madrigal's magic key to Spanish,Margarita Madrigal,1951
I am Malala: The Girl Who Stood Up for Education and Was Shot by the Taliban,"Malala Yousafzai, Christina Lamb, Malala Yousafzai, Malala Yousafazi, and MALALA YOUSAFZAI",2012
'Salem's lot,Stephen King,1975
Technical analysis of the financial markets: a comprehensive guide to trading methods and applications,John J. Murphy,1999
Ivanhoe,Sir Walter Scott,1800
You'd Be Home Now,Kathleen Glasgow,2021
The Woodlanders,Thomas Hardy,1800
Homeport,Nora Roberts,1998
The banquet of Plato,Πλάτων,1559
Brief Answers to the Big Questions,Stephen Hawking,2014
Engineering mechanics: Statics & Dynamics,R. C. Hibbeler,1974
Freakonomics: a rogue economist explores the hidden side of everything,"Steven D. Levitt, Stephen J. Dubner, and Andrea Montero Cusset",2005
Machine Learning System Design Interview,Ali Aminian and Alex Xu,2023
Thursday Murder Club: A Novel,Richard Osman,2020
The Blinding Knife,Brent Weeks,2012
"How to invest $50-$5,000",Nancy Dunnan,1985
The Name of the Wind: The Kingkiller Chronicle: Day One,Patrick Rothfuss,2007
"Go, dog, go!: P.D. Eastman's book of things that go.",P. D. Eastman,1961
The War of Art: Winning the Inner Creative Battle,Steven Pressfield,2002
Aaron's rod,D. H. Lawrence,1922
Watership Down,Richard Adams,1972
The Brothers Karamazov,Фёдор Михайлович Достоевский,1880
The secret history,Donna Tartt,1992
Mother-son incest: the unthinkable broken taboo : an overview of findings,Hani Miletski,1995
Ttyl,Lauren Myracle,2004
Dog Man: Lord of the Fleas,Dav Pilkey,2014
I will break you,Gigi Styx,2024
Empire of cotton: a global history,Sven Beckert,2014
From the Earth to the Moon,Jules Verne,1865
Flourish: a visionary new understanding of happiness and well-being,Martin Elias Pete Seligman,2011
"Python Object-Oriented Programming: Build Robust and Maintainable Object-Oriented Python Applications and Libraries, 4th Edition",Steven F. Lott and Dusty Phillips,2021
Inferno,Dan Brown,1962
God of Wrath,Rina Kent,2022
Plutarch's Morals,Plutarch,1500
Gray's Anatomy: The Anatomical Basis of Clinical Practice,Susan Standring,1991
Human resource champions: the next agenda for adding value and delivering results,David Ulrich,1997
$100M Offers: How to Make Offers So Good People Feel Stupid Saying No,Alex Hormozi,2021
Madame Bovary,Gustave Flaubert,1856
Breaking Rosalind,Gigi Styx,2024
The Giver,Lois Lowry,1993
Educational psychology,"Anita Woolfolk Hoy, Philip H. Winne, Nancy E. Perry, and Beth Popiel",1987
A Star Trek catalog,Gerry Turnbull,1979
"The pianist: the extraordinary story of one man's survival in Warsaw, 1939-45",Władysław Szpilman,1946
My friend is sad,Mo Willems,2007
Faust,Johann Wolfgang von Goethe,1800
Sahara,Clive Cussler,1982
Hatchet.,Gary Paulsen,1986
Social Engineering: The science of human hacking,Christopher Hadnagy,2011
Hunger,Knut Hamsun,1890
My lesbian experience with loneliness,Kabi Nagata,2016
The rich boy and the poor girl,E. C. Nnaemeka,2008
"Magruder's American Government, California Edition: Guided Reading and Review Workbook",William A. McClenaghan,2006
The Stand,Stephen King,1978
"The unfinished nation: a brief, interactive history of the American people",Alan Brinkley,1993
"Fathers and sons: a novel, by Ivan Sergheïevitch Turgenef.",Ivan Sergeevich Turgenev,1867
"Summary the Psychology of Money: Timeless Lessons on Wealth, Greed and Happiness by Morgan Housel",Book PRO,2022
Atonement,Ian McEwan,1808
Corrupt,Penelope Douglas,2015
Deep End,Ali Hazelwood,2025
"Amulet, Book Seven: Firelight",Kazu Kibuishi,2016
The power of habit: why we do what we do in life and business,Charles Duhigg,2012
Under the dome,Stephen King,2009
Who will cry when you die?: life lessons from the monk who sold his Ferrari,Robin S. Sharma,1999
Buckland's complete book of witchcraft,Raymond Buckland,1986
The Wind Through the Keyhole,Stephen King,1925
The Martian Chronicles,Ray Bradbury,1950
How To Talk To Anyone,Steve Robinson,2021
Consumer behavior,Leon G. Schiffman and Leslie Lazar Kanuk,1978
If It Bleeds,Stephen King,2020
Rogue's Delight,Elizabeth Jackson,1995
The Cartel,Ashley & JaQuavis,2009
The Miracle Morning: The Not-So-Obvious Secret Guaranteed to Transform Your Life Before 8AM,"Hal, Austin Elrod",2012
Come As You Are: The Surprising New Science That Will Transform Your Sex Life,Emily Nagoski and Blanca González Villegas,2015
An introduction to fiction,"Stanton, Robert, R Stanton, R. Stanton, and Robert Stanton",1965
Yumi and the Nightmare Painter: A Cosmere Novel,Brandon Sanderson,2023
The 7 Habits of Highly Effective Teens,Sean Covey and Stephen R. Covey,1998
Fifty Shades Darker,E. L. James,2011
Norton Anthology of English Literature,"M. H. Abrams, M. Abrams, M. H. Adams, Stephen Greenblatt, Abrams, M. H., and M. H. Abrams",1962
Apple in China: The Capture of the World's Greatest Company,Patrick McGee,2025
Kybalion: A Study of the Hermetic Philosophy by Three Initiates,Three Initiates,1912
Love and Other Words,Christina Lauren,2018
Collected papers.,Sigmund Freud,1906
Mental and Elemental Nutrients: A Physician's Guide to Nutrition and Health Care,Carl C. Pfeiffer,1976
"Roll of Thunder, Hear My Cry",Mildred D. Taylor,1976
Wings of Fire: The Brightest Night,Tui T. Sutherland,2014
Cunningham's Encyclopedia of magical herbs,Scott Cunningham,1985
Policán 8: Atrapa 22,Dav Pilkey,2019
Gangsta Daddy (Private Collection by Julius),Julius,2006
"What Happened to You?: Conversations on Trauma, Resilience, and Healing",Bruce D. Perry and Oprah Winfrey,2021
Tale of Peter Rabbit,"Beatrix Potter, Blackwell North America., Jean Little, David Hately, J. K. Jomkhwan, and Lisa McCue",1920
Overstory,Richard Powers,2018
The Knight and the Moth,Rachel Gillig,2025
The Scarlet Letter,Nathaniel Hawthorne,1850
The Concise 33 Strategies of War,Robert Greene and Don Leslie,1998
Cape of Misfortune,Yvonne Whittal,1984
"Reports of the selectmen and town treasurer and the superintendent of public schools of the Town of Newmarket, for the year ..","Newmarket, New Hampshire",1880
"Alexander and the terrible, horrible, no good, very bad day",Judith Viorst and Ray Cruz,1972
Pretty Little Liars,Sara Shepard,2007
Anthem,Ayn Rand,1936
Clean Code: A Handbook of Agile Software Craftsmanship,Robert C. Martin,2008
Optimum design of mechanical elements,Ray C. Johnson,1961
Stereo-chemistry: conformation and mechanism,P. S. Kalsi,1990
SUMMARY : the Power of Habit by Charles Duhigg: A Comprehensive Guide,Izabella Hickle,2020
Price Action Trading Technical Analysis,Unknown author,N/A
Assistant to the Villain: TikTok Made Me Buy It! a Hilarious and Swoon-Worthy Romantasy Novel,Hannah Nicole Maehrer,2023
The globalization of world politics: an introduction to international relations,John Baylis and Steve Smith,2001
Ranma 1/2. vol 23,高橋留美子,1992
The Predator: A Dark Contemporary Mafia Romance,RuNyx,2019
Adult Health Nursing-I: Medical Surgical Nursing,M. J. Kumari,2022
The Shining,Stephen King,1977
"Do It Today: Overcome Procrastination, Improve Productivity & Achieve More Meaningful Things",Darius Foroux,2018
The Story Of Philosophy,Will Durant,1926
The BFG,Roald Dahl,1980
"Art of Letting Go: Stop Overthinking, Stop Negative Spirals, and Find Emotional Freedom",Nick Trenton,2023
The 5 love languages: the secret to love that lasts,Gary D. Chapman,1992
My Fault,Mercedes Ron,2014
The motivation to work,Frederick Herzberg,1959
Orlando: a biography,Virginia Woolf and Carmen Maria Machado,1928
The Emperor,RuNyx,2021
Emotional Alchemy,Bennett-Goleman,2010
Minecraft: The Island,Max Brooks,2017
Puss in boots,Charles Perrault,1865
Brave New World,Aldous Huxley,1932
Curse for True Love,Stephanie Garber,2023
The first part of the delightful history of the most ingenious knight Don Quixote of the Mancha,Miguel de Cervantes Saavedra,1600
Philosophical anthropology: man : an impossible project?,Battista Mondin,1985
Catch-22: a critical edition,Joseph Heller,1961
As a man thinketh.,James Allen,1902
Erotic Manga: Draw Like the Experts,Ikari Studio,2006
Thus spake Zarathustra: a book for all and none,Friedrich Nietzsche,1883
Murder in Three Acts,Agatha Christie,1934
"The Pioneers, Or, The Sources of the Susquehanna",James Fenimore Cooper,1800
The Green Mile,Stephen King,1996
Hacking: the art of exploitation,Jon Erickson and Jon Erickson,2003
The Holy Bible,Bible,1200
"Jujutsu Kaisen, Vol. 1 (呪術廻戦 Jujutsu Kaisen #1)",Gege Akutami,2019
Edible Economics: A Hungry Economist Explains the World,Ha-Joon Chang,2022
White nights,Фёдор Михайлович Достоевский,1958
Secretary wife,Rachel Lindsay,1976
Ordinary men: Reserve Police Battalion 101 and the final solution in Poland,Christopher R. Browning,1992
Song of the river,Sue Harrison,1997
Little Dorrit,"Charles Dickens, Mary Sebag-Montefiore, and Adam Leverton",1800
Position of the Day: TBD pb,Emma Taylor,2003
Looking for Alaska,John Green,2005
U n Me ... It's Complicated,Aditya Nighhot,2015
"Dombey and Son by Charles Dickens (author of Barnaby Rudge, Bleak House, David Copperfield and other works) (Burt Home Library)","Charles Dickens, Ian Perkin, A. Willis, Forster, John, and Jason Lee",1800
Devita Cancer 12e Multi Vol,"DeVita, Vincent T., Jr., Steven A. Rosenberg, and Theodore S. Lawrence",2022
My uncle Grey Bhonzo,Ben Sibenke,1982
"Advanced Ict Institutional Smc Trading Book: Smart Money Concept, Liquidity, HTF Circle, Algo Market Structure, Price Action, Order Block/Breaker Block/Rejection Block, TDI Indicator, Top down Analysis, One Minute Ping Pong Mastery, Algo Concept",Dylan Schlotmann,2023
Bride's Leap,Joan Overfield,1991
Ceremonial of Bishops: revised by decree of the Second Vatican Ecumenical Council and published by authority of Pope John Paul II,Catholic Church,1600
Chemistry and Chemical Reactivity,"John C. Kotz, Paul Treichel, and John Townsend",1987
Quest for Vengeance,Jeanne Carmichael,1992
Art of Reading Minds: How to Understand and Influence Others Without Them Noticing,Henrik Fexeus,2019
"Festival of the Gladiators: Grade Level: 1 (Very Easy) | (Correlates with Accent on Achievement, Book 1, Page 15)",Mark Williams and John O'Reilly,2007
"Guns, germs, and steel",Jared M. Diamond,1997
One hundred years of solitude,Gabriel García Márquez,1967
Seven Year Slip,Ashley Poston,2023
The Duke and I,Julia Quinn,2000
Why I am an atheist,Bhagat Singh,2008
The unbearable lightness of being,Milan Kundera,1984
The Hobbit,J.R.R. Tolkien,1937
You are (not) small,Anna Kang,2014
Allegiant,Veronica Roth,2001
"SNCC, the new abolitionists.",Howard Zinn and Howard Zinn,1964
Caught Up: An Into Darkness Novel,Navessa Allen,2025
"The Simple Path to Wealth: Your road map to financial independence and a rich, free life",J. L. Collins,2016
Text of the Convention for the Safety of Life at Sea.,International Conference on Safety of Li...,1914
Men who hate women & the women who love them,Susan Forward and Joan Torres,1986
Murder After Hours,Agatha Christie,1946
The Plague -- Translated from the French By Stuart Gilbert,Albert Camus,1942
Notre Dame de Paris,Victor Hugo,1831
"From Russia, with love",Ian Fleming,1957
Invitation to psychology: mypsychlab edition,"Carole Wade, Carol Tavris, Samuel R. Sommers, Lisa M. Shin, and Maryanne Garry",1998
Objective NCERT at Your Fingertips for NEET-JEE - Chemistry,Mtg,N/A
Emotional Intelligence: Cultivating Emotional Intelligence in Business and Workplace,Daniela GOLEMAN,2019
All American Boys,Jason Reynolds and Brendan Kiely,2015
The Selection: The Selection #1,Kiera Cass,2012
Where the sidewalk ends: the poems & drawings of Shel Silverstein.,Shel Silverstein,1974
Apache caress,Georgina Gentry,1991
Film art: an introduction,"David Bordwell, Kristin Thompson, D. & THOMPSON BORDWELL, and David Bordwell",1979
Six of Crows,Leigh Bardugo,2015
Gentle Reminder,Bianca Sparacino,2020
Charisma Myth: Master the Art of Personal Magnetism,"Olivia Fox Cabane, Olivia Cabane, and Lisa Cordileone",2012
Trading Bible for Candlesticks: The Best Candlestick Pattern Trading Course,Ted O. Aaron,2022
Les misérables,Victor Hugo,1862
"An abridgment of Murray's English grammar: containing also punctuation, the notes under rules in syntax, and lessons in parsing : to the latter of which are prefixed, specimens illustrative of that exercise, and false syntax to be corrected : all appropriately arranged : to which is adapted a new system of questions",Lindley Murray,1800
Awkward,Svetlana Chmakova,2015
Sea Fairies,L. Frank Baum,1911
Insurgent,Veronica Roth,2011
Quantum physics for beginners: From Wave Theory to Quantum Computing. Understanding How Everything Works by a Simplified Explanation of Quantum Physics and Mechanics Principles,Carl J Pratt,2021
The Importance of Being Earnest,Oscar Wilde,1893
"Passenger and immigration lists index: a guide to published arrival records of 300,000 passengers who came to the United States and Canada in the seventeenth, eighteenth, and nineteenth centuries","P. William Filby, William P. Filby, and Mary K. Meyer",1978
The Memoirs of Sherlock Holmes,Arthur Conan Doyle,1893
Five on a Treasure Island,Enid Blyton,1942
The Wife Upstairs: A Twisted Psychological Thriller That Will Keep You Guessing,Freida McFadden,2020
Calculus with analytic geometry,Howard Anton and Albert Herr,1980
Math makes sense 2,Carole Saundry,2005
Incropera's Principles of Heat and Mass Transfer,"Theodore L. Bergman, David P. DeWitt, Frank P. Incropera, and Adrienne S. Lavine",2017
Trade Like a Stock Market Wizard: How to Achieve Super Performance in Stocks in Any Market,Mark Minervini,2013
"Dante: A Dark Mafia, Enemies to Lovers Romance",Sadie Kincaid,2023
The haunting of Hill House,Shirley Jackson,1959
B.O.S.S. Moves: Business Mastery Secrets from a Million Dollar Round Table,Myron Golden,2021
English grammar: adapted to the different classes of learners: with an appendix; containing rules and observations for assisting the more advanced students to write with perspicuity and accuracy.,Lindley Murray,1795
Communicating at Work,"Ronald B Adler, Michelle Maresh-Fuehrer, Jeanne Marquardt Elmhorst, and Kristen Lucas Assistant Professor Ph.D.",2022
A Nation of Idiots,Daksh Tyagi,2019
The tiny seed,Eric Carle,1970
The Institute,Stephen King,2019
Dictionary of national biography: Volume LVIII : from Ubaldini to Wakefield,"George Murray Smith, Sir Sidney Lee, and Sir Leslie Stephen",1885
"Manipulation Techniques: the Ultimate Guide to Influence People with Persuasion, NLP, Dark Psychology, Emotional Intelligence, Mind Control and How to Manage Your Emotions",Daniel Brain,2020
Think Again: The Power of Knowing What You Don't Know,Adam Grant,2021
Naturalistic inquiry,Yvonna S. Lincoln and Egon G. Guba,1985
Culture's consequences: international differences in work-related values,Geert H. Hofstede and Geert Hofstede,1980
The Dare,Harley Laroux,2021
The Lies of Locke Lamora,Scott Lynch,2001
Heidi,Johanna Spyri,1885
The art of seduction,Melanie George,2002
Can We Be Strangers Again?,Shrijeet Shandilya,2025
Wings of Fire: Winter Turning,Tui T. Sutherland,2015
Glorious Rivals: an Inheritance Games novel,Jennifer Lynn Barnes,2025
To Kill a Mockingbird (The Folio Society Slipcased Edition),Harper Lee,1960
Game Over: A Billionaire Fake Dating Romance,Alexis Knightly,2024
Diary of a Wimpy Kid: Wrecking Ball,Jeff Kinney,2019
"Mathematics, with applications in management and economics",Earl K. Bowen,1963
Redeeming Love,Francine Rivers,1991
"Girl, Interrupted",Susanna Kaysen,1993
Tehanu: the last book of Earthsea,Ursula K. Le Guin,1990
Sadness Book - a Journal to Let Go,Elias Baar,2022
BDSM Dark Sex Erotica Collection : 20 BDSM Stories : BDSM Bondage : BDSM Spanking : Kink BDSM: BDSM Gangbang,Lola Reid,2020
"Introduction to Women's, Gender and Sexuality Studies: Interdisciplinary and Intersectional Approaches","Edited L. Ayu Saraswati, Barbara Shaw, and Heather Rellihan",2017
Alice's Adventures in Wonderland and Through the Looking Glass,Lewis Carroll,1889
Restart,Gordon Korman,2017
Twas the night before Christmas: a visit from St. Nicholas,Clement Clarke Moore,1857
Stigma: notes on the management of spoiled identity.,Erving Goffman,1963
How to Be Yourself: Quiet Your Inner Critic and Rise above Social Anxiety,Ellen Hendriksen,2018
